RANK,RESIDENCY,HOSPITAL,STATUS,WAITING,NOTES
1,الأمراض الجلدية والتناسلية,الرئيسي الجامعي,بوست,-,البوست الوحيد
2,طب وجراحة العيون,الرئيسي الجامعي,بوست,-,
3,طب وجراحة العيون,الرئيسي الجامعي,بوست,-,آخر بوست
4,-,-,-,-,
5,أمراض القلب والأوعية الدموية,الرئيسي الجامعي,بوست,-,
6,أمراض القلب والأوعية الدموية,الرئيسي الجامعي,بوست,-,
7,أمراض القلب والأوعية الدموية,الرئيسي الجامعي,بوست,-,آخر بوست
8,الأشعة التشخيصية والتداخلية,الرئيسي الجامعي,بوست,-,
9,باطنة عامة وحدة الكلى,الرئيسي الجامعي,بوست,-,البوست الوحيد
10,أمراض النساء والتوليد,شاطبي,بوست,-,
11,فسيولوجي,كلية الطب,بوست,-,
12,باطنة عامة وحدة الجهاز الهضمي,الرئيسي الجامعي,بوست,-,البوست الوحيد
13,الروماتيزم والتأهيل والطب الطبيعي,الرئيسي الجامعي,بوست,-,
14,جراحة العظام,الحضرة,بوست,-,
15,أمراض النساء والتوليد,الشاطبي,بوست,-,
16,باطنة عامة وحدة الكبد والمرارة,الرئيسي الجامعي,بوست,-,البوست الوحيد
17,باثولوجي,كلية الطب,بوست,-,
18,جراحة العظام,الحضرة,بوست,-,
19,أمراض النساء والتوليد,الشاطبي,بوست,-,
20,جراحة العظام,الحضرة,بوست,-,آخر بوست
دور أبريل,المخ والأعصاب والطب النفسي,الحضرة,بوست,-,
21,طب الأطفال,الشاطبي,بوست,-,
22,أمراض النساء والتوليد,الشاطبي,بوست,-,
23,جراحة عامة وحدة الجهاز الهضمي والكبد أ  (Hepatobiliary),الرئيسي الجامعي,بوست,-,البوست الوحيد
24,فسيولوجي,كلية الطب,بوست,-,
25,الطب الحرج,الرئيسي الجامعي,بوست,-,
26,جراحة عامة وحدة الجهاز الهضمي والكبد ب (GIT),الرئيسي الجامعي,بوست,-,البوست الوحيد
27,باثولوجي,كلية الطب,بوست,-,
28,باثولوجي,كلية الطب,بوست,-,آخر بوست
29,أنف وأذن وحنجرة,الرئيسي الجامعي,بوست,-,
30,باطنة عامة وحدة الغدد,الرئيسي الجامعي,بوست,-,البوست الوحيد
31,المخ والأعصاب والطب النفسي,الحضرة,بوست,-,
32,الأمراض الجلدية والتناسلية,الرئيسي الجامعي,-,-,
33,الأشعة التشخيصية والتداخلية,الرئيسي الجامعي,بوست,-,
34,جراحة عامة وحدة جراحة التجميل,الرئيسي الجامعي,بوست,-,البوست الوحيد
35,الأشعة التشخيصية والتداخلية,الرئيسي الجامعي,بوست,-,آخر بوست
36,باطنة عامة وحدة الأمراض الروماتيزمية,الرئيسي الجامعي,بوست,-,البوست الوحيد
37,الروماتيزم والتأهيل والطب الطبيعي,الرئيسي الجامعي,بوست,-,
38,باطنة عامة وحدة أمراض الدم,الرئيسي الجامعي,بوست,-,البوست الوحيد
39,أنف وأذن وحنجرة,الرئيسي الجامعي,بوست,-,آخر بوست
40,جراحة المسالك,الرئيسي الجامعي,بوست,-,
41,طب المجتمع - صحة عامة,كلية الطب,بوست,-,
42,باطنة تجريبية وإكلينيكية - كلى,معهد البحوث,بوست,-,البوست الوحيد
43,أمراض الدم,معهد البحوث,بوست,-,البوست الوحيد
44,باطنة عامة وحدة السكر والميتابوليزم,الرئيسي الجامعي,بوست,-,البوست الوحيد
45,جراحة المسالك,الرئيسي الجامعي,بوست,-,آخر بوست
46,طب الأطفال,الشاطبي,بوست,-,
47,جراحة المخ والأعصاب,الرئيسي الجامعي,بوست,-,
48,علاج الأورام والطب النووي,الرئيسي الجامعي,بوست,-,
49,المخ والأعصاب والطب النفسي,الحضرة,بوست,-,
50,طب الأطفال,الشاطبي,بوست,-,
51,أنف وأذن وحنجرة,الرئيسي الجامعي,-,-,
52,باطنة عامة وحدة طب المسنين,الرئيسي الجامعي,بوست,-,البوست الوحيد
53,طب الأطفال,الشاطبي,بوست,-,
54,الطب الحرج,الرئيسي الجامعي,بوست,-,
55,الأمراض الصدرية,الرئيسي الجامعي,بوست,-,
56,الروماتيزم والتأهيل والطب الطبيعي,الرئيسي الجامعي,بوست,-,آخر بوست
57,الأمراض الصدرية,الرئيسي الجامعي,-,-,آخر بوست
58,كلينيكال باثولوجي,الرئيسي الجامعي,بوست,-,
59,جراحة عامة وحدة جراحة الأطفال,الشاطبي,بوست,-,البوست الوحيد
60,جراحة تجريبية,معهد البحوث,بوست,-,البوست الوحيد
61,علاج الأورام,معهد البحوث,بوست,-,البوست الوحيد
62,الطب الحرج,الرئيسي الجامعي,بوست,-,
63,جراحة المخ والأعصاب,الرئيسي الجامعي,بوست,-,آخر بوست
64,طب الأطفال,الشاطبي,بوست,-,
65,أمراض القلب والأوعية الدموية,الرئيسي الجامعي,-,-,
66,طب المناطق الحارة,الرئيسي الجامعي,بوست,-,
67,جراحة القلب والصدر,الرئيسي الجامعي,بوست,-,البوست الوحيد
68,جراحة تجريبية,معهد البحوث,-,-,
69,جراحة عامة وحدة جراحة التجميل,الرئيسي الجامعي,-,-,
70,كيمياء حيوية,كلية الطب,بوست,-,
71,الأشعة التشخيصية,معهد البحوث,بوست,-,البوست الوحيد
72,علاج الأورام والطب النووي,الرئيسي الجامعي,بوست,-,آخر بوست
73,طب الأطفال,الشاطبي,بوست,-,
74,طب وجراحة العيون,الرئيسي الجامعي,-,-,
75,طب الأطفال,الشاطبي,بوست,-,
76,طب السمع والاتزان,الرئيسي الجامعي,بوست,-,البوست الوحيد
77,تخدير وعناية مركزة جراحية وعلاج الألم,الرئيسي الجامعي,بوست,-,
78,طب الأطفال,الشاطبي,بوست,-,آخر بوست
79,طب المناطق الحارة,الرئيسي الجامعي,بوست,-,
80,أنف وأذن وحنجرة,طلبة الجامعة,-,-,
81,أمراض النساء والتوليد,الشاطبي,-,-,
82,طب المناطق الحارة,الرئيسي الجامعي,بوست,-,آخر بوست
83,طب الأطفال,الشاطبي,بوست,-,
84,طب الأطفال,الشاطبي,بوست,-,
85,تشريح,كلية الطب,بوست,-,
86,باطنة عامة وحدة الجهاز الهضمي,الرئيسي الجامعي,-,-,
87,أمراض القلب والأوعية الدموية,الرئيسي الجامعي,-,-,
88,المخ والأعصاب والطب النفسي,الحضرة,بوست,-,آخر بوست
89,طب الأطفال,الشاطبي,بوست,-,
90,الطب الحرج,الرئيسي الجامعي,بوست,-,آخر بوست
91,طب الأطفال,الشاطبي,بوست,-,آخر بوست
92,تخدير وعناية مركزة جراحية وعلاج الألم,الرئيسي الجامعي,بوست,-,
93,طب وجراحة العيون,الرئيسي الجامعي,-,-,
94,أمراض التخاطب,الرئيسي الجامعي,بوست,-,
95,-,-,-,-,
96,جراحة عامة وحدة جراحة التجميل,الرئيسي الجامعي,-,-,
97,تخدير وعناية مركزة جراحية وعلاج الألم,الرئيسي الجامعي,بوست,-,
98,طب المجتمع - طب الصناعات,كلية الطب,بوست,-,
99,تخدير وعناية مركزة جراحية وعلاج الألم,الرئيسي الجامعي,بوست,-,
100,الطب الحرج,الرئيسي الجامعي,-,-,
101,أمراض القلب والأوعية الدموية,الرئيسي الجامعي,-,-,
102,كلينيكال باثولوجي,الرئيسي الجامعي,بوست,-,
103,أمراض القلب والأوعية الدموية,الرئيسي الجامعي,-,-,
104,باطنة عامة وحدة الجهاز الهضمي,الرئيسي الجامعي,-,-,
105,جراحة العظام,الحضرة,-,-,
106,باطنة عامة وحدة الأمراض الروماتيزمية,الرئيسي الجامعي,-,-,
107,طب الأطفال,الشاطبي,-,-,
108,تخدير وعناية مركزة جراحية وعلاج الألم,الرئيسي الجامعي,بوست,-,
109,أمراض القلب والأوعية الدموية,الرئيسي الجامعي,-,-,
110,طب الأطفال,الشاطبي,-,-,
111,طب الأطفال,الشاطبي,-,-,
112,باطنة عامة وحدة الغدد,الرئيسي الجامعي,-,-,
113,-,-,-,-,
114,-,-,-,Waiting,
115,طب وجراحة العيون,الرئيسي الجامعي,-,-,
116,باطنة عامة وحدة السكر والميتابوليزم,الرئيسي الجامعي,-,-,
117,طب وجراحة العيون,الطلبة,-,-,
118,تخدير وعناية مركزة جراحية وعلاج الألم,الرئيسي الجامعي,بوست,-,
119,باطنة عامة وحدة الكلى,الرئيسي الجامعي,-,-,
120,-,-,-,-,
121,باطنة عامة وحدة الأمراض الروماتيزمية,الرئيسي الجامعي,-,-,
122,أمراض القلب والأوعية الدموية,الرئيسي الجامعي,-,-,
123,تخدير وعناية مركزة جراحية وعلاج الألم,الرئيسي الجامعي,بوست,-,آخر بوست
124,أمراض القلب والأوعية الدموية,الرئيسي الجامعي,-,-,
125,تخدير وعناية مركزة جراحية وعلاج الألم,معهد البحوث,بوست,-,
126,الأشعة التشخيصية والتداخلية,الرئيسي الجامعي,-,-,
127,تخدير وعناية مركزة جراحية,معهد البحوث,بوست,-,آخر بوست
128,أمراض النساء والتوليد,الشاطبي,-,-,
129,طب الطوارئ والإصابات,الرئيسي الجامعي,بوست,-,
130,باطنة تجريبية وإكلينيكية - أمراض القلب والأوعية الدموية,معهد البحوث,-,-,
131,-,-,-,-,
132,المخ والأعصاب والطب النفسي,الحضرة,-,-,
133,جراحة تجريبية,معهد البحوث,-,-,
134,فسيولوجي,كلية الطب,بوست,-,آخر بوست
135,-,-,-,Waiting,
136,جراحة عامة وحدة التجميل,الطلبة,-,-,
137,طب الطوارئ والإصابات,الرئيسي الجامعي,بوست,-,
138,الطب الحرج,الطلبة,-,-,
139,-,-,-,-,
140,باطنة تجريبية وإكلينيكية - كبد ومرارة,معهد البحوث,-,-,
141,كلينيكال باثولوجي,الرئيسي الجامعي,بوست,-,
142,أمراض القلب والأوعية الدموية,الرئيسي الجامعي,-,-,
143,كلينيكال باثولوجي,الرئيسي الجامعي,بوست,-,آخر بوست
144,أمراض القلب والأوعية الدموية,الرئيسي الجامعي,-,-,
145,باطنة عامة وحدة الجهاز الهضمي,الرئيسي الجامعي,-,-,
146,طفيليات/باراسايتولوجي,كلية الطب,بوست,-,
147,باطنة عامة وحدة الجهاز الهضمي,الرئيسي الجامعي,-,-,
148,باطنة عامة وحدة الأمراض الروماتيزمية,الرئيسي الجامعي,-,-,
149,الطب الحرج,الرئيسي الجامعي,-,-,
150,الروماتيزم والتأهيل والطب الطبيعي,الرئيسي الجامعي,-,-,
151,أمراض النساء والتوليد,الشاطبي,-,-,
152,باطنة عامة وحدة الغدد,الرئيسي الجامعي,-,-,
153,طب وجراحة العيون,برج العرب,-,-,
154,أمراض النساء والتوليد,الشاطبي,-,-,
155,مايكروبايولوجي,كلية الطب,بوست,-,
156,-,-,-,-,
157,أمراض القلب والأوعية الدموية,الطلبة,-,-,
158,-,-,-,Waiting,
159,أمراض النساء والتوليد,الشاطبي,-,-,
160,أمراض النساء والتوليد,الشاطبي,-,-,
161,باطنة عامة وحدة الكلى,الرئيسي الجامعي,-,-,
162,أمراض القلب والأوعية الدموية,الطلبة,-,-,
163,أمراض النساء والتوليد,الشاطبي,-,-,
164,جراحة تجريبية,معهد البحوث,-,-,
165,باطنة عامة,الطلبة,-,-,
166,أمراض النساء والتوليد,الشاطبي,-,-,
167,باطنة عامة وحدة الكبد والمرارة,الرئيسي الجامعي,-,-,
168,طب الطوارئ والإصابات,الرئيسي الجامعي,بوست,-,
169,طب الطوارئ والإصابات,الرئيسي الجامعي,بوست,-,آخر بوست
170,أمراض النساء والتوليد,الشاطبي,-,-,
171,باطنة عامة وحدة الغدد,الرئيسي الجامعي,-,-,
172,طب الأطفال,الشاطبي,-,-,
173,فارماكولوجي,كلية الطب,بوست,-,
174,أمراض القلب والأوعية الدموية,الطلبة,-,-,
175,تخدير وعناية مركزة جراحية وعلاج الألم,الرئيسي الجامعي,-,-,
176,جراحة تجريبية,معهد البحوث,-,-,
177,باطنة وحدة أمراض الكلى,الطلبة,-,-,
178,أنف وأذن وحنجرة,سموحة,-,-,
179,أنف وأذن وحنجرة,برج العرب,-,-,
180,-,-,-,Waiting,
181,المخ والأعصاب والطب النفسي,الطلبة,-,-,
182,باطنة عامة وحدة الكلى,الرئيسي الجامعي,-,-,
183,جراحة العظام,الحضرة,-,-,
184,طب شرعي وسموم,كلية الطب,بوست,-,
185,مايكروبايولوجي,كلية الطب,بوست,-,
186,الروماتيزم والتأهيل والطب الطبيعي,الرئيسي الجامعي,-,-,
187,-,-,-,-,تقدمت ولم تتواجد
188,الروماتيزم والتأهيل والطب الطبيعي,الرئيسي الجامعي,-,-,
189,جراحة المسالك,الرئيسي الجامعي,-,-,
190,باطنة عامة وحدة الأمراض الروماتيزمية,الرئيسي الجامعي,-,-,
191,باطنة عامة وحدة الغدد,الرئيسي الجامعي,-,-,
192,باطنة عامة وحدة الأمراض الروماتيزمية,الرئيسي الجامعي,-,-,
193,أمراض الدم,معهد البحوث,-,-,
194,طب الطوارئ والإصابات,الطلبة,-,-,
195,باطنة عامة وحدة الجهاز الهضمي,الرئيسي الجامعي,-,-,
196,أمراض النساء والتوليد,الشاطبي,-,-,
197,باطنة عامة وحدة الكبد والمرارة,الرئيسي الجامعي,-,-,
198,باطنة عامة وحدة الكبد والمرارة,الرئيسي الجامعي,-,-,
199,المخ والأعصاب والطب النفسي,الحضرة,-,-,
200,باطنة تجريبية وإكلينيكية - كلى,معهد البحوث,-,-,
201,-,-,-,Waiting,
202,باطنة عامة وحدة السكر والميتابوليزم,الرئيسي الجامعي,-,-,
203,جراحة العظام,الحضرة,-,-,
204,باطنة عامة وحدة أمراض الدم,الرئيسي الجامعي,-,-,
205,الباثولوجية الكيميائية,معهد البحوث,بوست,-,البوست الوحيد
206,علاج الأورام والطب النووي,الرئيسي الجامعي,-,-,
207,-,-,-,Waiting,
208,الطب الحرج,الرئيسي الجامعي,-,-,
209,باطنة عامة وحدة الكبد والمرارة,الرئيسي الجامعي,-,-,
210,باطنة عامة وحدة الكبد والمرارة,الرئيسي الجامعي,-,-,
211,-,-,-,-,
212,باطنة عامة وحدة الكلى,الرئيسي الجامعي,-,-,
213,باطنة عامة وحدة الكلى,الرئيسي الجامعي,-,-,
214,-,-,-,Waiting,
215,تشريح,كلية الطب,بوست,-,
216,أمراض النساء والتوليد,الشاطبي,-,-,
217,-,-,-,-,
218,-,-,-,-,
219,طب الأطفال,الشاطبي,-,-,
220,باطنة عامة وحدة السكر والميتابوليزم,الرئيسي الجامعي,-,-,
221,كلينيكال باثولوجي,الرئيسي الجامعي,-,-,
222,مايكروبايولوجي,كلية الطب,بوست,-,آخر بوست
223,جراحة العظام,الحضرة,-,-,
224,باطنة عامة,الطلبة,-,-,
225,جراحة العظام,الحضرة,-,-,
226,-,-,-,Waiting,
227,جراحة العظام,الحضرة,-,-,
228,-,-,-,Waiting,
229,باطنة عامة وحدة أمراض الدم,الرئيسي الجامعي,-,-,
230,أمراض الدم,معهد البحوث,-,-,
231,أمراض النساء والتوليد,الشاطبي,-,-,
232,-,-,-,Waiting,
233,طب شرعي وسموم,كلية الطب,بوست,-,
234,تخدير وعناية مركزة جراحية وعلاج الألم,الرئيسي الجامعي,-,-,
235,أمراض النساء والتوليد,الشاطبي,-,-,
236,أمراض النساء والتوليد,الشاطبي,-,-,
237,الأشعة التشخيصية والتداخلية,الرئيسي الجامعي,-,-,
238,باطنة عامة وحدة الكلى,الرئيسي الجامعي,-,-,
239,أمراض النساء والتوليد,الشاطبي,-,-,
240,جراحة العظام,الحضرة,-,-,
241,-,-,-,Waiting,
242,باطنة عامة وحدة طب المسنين,الرئيسي الجامعي,-,-,
243,باطنة عامة وحدة طب المسنين,الرئيسي الجامعي,-,-,
244,جراحة عامة,الطلبة,-,-,
245,المخ والأعصاب والطب النفسي,الحضرة,-,-,
246,جراحة العظام,الحضرة,-,-,
247,جراحة العظام,الحضرة,-,-,
248,جراحة المسالك,الرئيسي الجامعي,-,-,
249,-,-,-,Waiting,
250,الأمراض الصدرية,الرئيسي الجامعي,-,-,
251,الطب الحرج,الرئيسي الجامعي,-,-,
252,المخ والأعصاب والطب النفسي,الطلبة,-,-,
253,جراحة عامة وحدة الجهاز الهضمي والكبد أ  (Hepatobiliary),الرئيسي الجامعي,-,-,
254,باطنة عامة وحدة طب المسنين,الرئيسي الجامعي,-,-,
255,فارماكولوجي,كلية الطب,بوست,-,
256,جراحة عامة وحدة التجميل,الرئيسي الجامعي,-,-,
257,جراحة عامة وحدة الجهاز هضمي والكبد ب (GIT),الرئيسي الجامعي,-,-,
258,وحدة أمراض الكلى,الطلبة,-,-,
259,الطب الحرج,الرئيسي الجامعي,-,-,
260,باطنة عامة,الطلبة,-,-,
261,-,-,-,Waiting,
262,-,-,-,Waiting,
263,وحدة أمراض الكلى,الطلبة,-,-,
264,طب الأطفال,الشاطبي,-,-,
265,-,-,-,Waiting,
266,أطفال,الشاطبي,-,-,
267,-,-,-,Waiting,
268,-,-,-,Waiting,
269,-,-,-,-,
270,فارماكولوجي,كلية الطب,بوست,-,آخر بوست
271,تخدير وعناية مركزة جراحية وعلاج الألم,الرئيسي الجامعي,-,-,
272,-,-,-,Waiting,
273,طب الأطفال,الشاطبي,-,-,
274,الأشعة التشخيصية والتداخلية,الرئيسي الجامعي,-,-,
275,جراحة التجميل,سموحة,-,-,
276,جراحة العظام,الطلبة,-,-,
277,جراحة العظام,الطلبة,-,-,
278,-,-,-,-,
279,الروماتيزم والتأهيل والطب الطبيعي,الرئيسي الجامعي,-,-,
280,طب الأطفال,برج العرب,-,-,
281,المخ والأعصاب والطب النفسي,الحضرة,-,-,
282,-,-,-,-,
283,-,-,-,Waiting,
284,-,-,-,Waiting,
285,جراحة التجميل,سموحة,-,-,
286,جراحة العظام,برج العرب,-,-,
287,وراثة,كلية الطب,بوست,-,
288,جراحة عامة,الطلبة,-,-,
289,طب الأطفال,الشاطبي,-,-,
290,جراحة عامة وحدة الجهاز الهضمي والكبد ب (GIT),الرئيسي الجامعي,-,-,
291,-,-,-,Waiting,
292,الأشعة التشخيصية والتداخلية,الرئيسي الجامعي,-,-,
293,-,-,-,-,
294,باطنة عامة وحدة أمراض الدم,الرئيسي الجامعي,-,-,
295,-,-,-,Waiting,
296,الطب الحرج,الرئيسي الجامعي,-,-,
297,-,-,-,Waiting,
298,جراحة العظام,برج العرب,-,-,
299,-,-,-,-,
300,تخدير وعناية مركزة جراحية وعلاج الألم,الطلبة,-,-,
301,طب شرعي وسموم,كلية الطب,بوست,-,
302,الطب الحرج,الرئيسي الجامعي,-,-,
303,هيستولوجي,كلية الطب,بوست,-,
304,جراحة عامة وحدة الرأس والعنق,الرئيسي الجامعي,-,-,
305,الطب الحرج,الرئيسي الجامعي,-,-,
306,طب الأطفال,الشاطبي,-,-,
307,طب الأطفال,الشاطبي,-,-,
308,الطب الحرج,الرئيسي الجامعي,-,-,
309,-,-,-,Waiting,
310,الأشعة التشخيصية والتداخلية,الرئيسي الجامعي,-,-,
311,الروماتيزم والتأهيل والطب الطبيعي,الرئيسي الجامعي,-,-,
312,جراحة عامة وحدة الرأس والعنق,الرئيسي الجامعي,-,-,
313,الأشعة التشخيصية والتداخلية,الطلبة,-,-,
314,-,-,-,Waiting,
315,طب الأطفال,الشاطبي,-,-,
316,الطب الحرج,الرئيسي الجامعي,-,-,
317,-,-,-,Waiting,
318,-,-,-,Waiting,
319,الطب الحرج,الرئيسي الجامعي,-,-,
320,الطب الحرج,الرئيسي الجامعي,-,-,
321,-,-,-,-,
322,-,-,-,Waiting,
323,-,-,-,-,
324,طب الطوارئ والإصابات,الطلبة,-,-,
325,المخ والأعصاب والطب النفسي,برج العرب,-,-,
326,طب المجتمع - الصحة العامة,كلية الطب,بوست,-,
327,طب الأطفال,الشاطبي,-,-,
328,جراحة المخ والأعصاب,الرئيسي الجامعي,-,-,
329,باطنة عامة وحدة طب المسنين,الرئيسي الجامعي,-,-,
330,الأشعة التشخيصية والتداخلية,الطلبة,-,-,
331,علاج الأورام,معهد البحوث,-,-,
332,جراحة عامة وحدة الشرج والقولون,الرئيسي الجامعي,-,-,
333,طب شرعي وسموم,كلية الطب,بوست,-,آخر بوست
334,الطب الحرج,الرئيسي الجامعي,-,-,
335,جراحة المسالك,الطلبة,-,-,
336,طب الأطفال,الشاطبي,-,-,
337,الطب الحرج,الرئيسي الجامعي,-,-,
338,تخدير وعناية مركزة جراحية وعلاج الألم,الرئيسي الجامعي,-,-,
339,الطب الحرج,الرئيسي الجامعي,-,-,
340,جراحة عامة وحدة الشرج والقولون,الرئيسي الجامعي,-,-,
341,طب الأطفال,سموحة,-,-,
342,الأشعة التشخيصية,معهد البحوث,-,-,
343,-,-,-,-,
344,جراحة عامة وحدة الشرج والقولون,الرئيسي الجامعي,-,-,
345,-,-,-,Waiting,
346,الطب الحرج,الرئيسي الجامعي,-,-,
347,الأشعة التشخيصية والتداخلية,الرئيسي الجامعي,-,-,
348,-,-,-,-,
349,-,-,-,Waiting,
350,جراحة عامة وحدة الشرج والقولون,الرئيسي الجامعي,-,-,
351,طب الأطفال,الشاطبي,-,-,
352,-,-,-,-,
353,باطنة عامة وحدة أمراض الدم,الرئيسي الجامعي,-,-,
354,-,-,-,-,
355,الطب الحرج,الرئيسي الجامعي,-,-,
356,جراحة المسالك,الطلبة,-,-,
357,-,-,-,Waiting,
358,طب الأطفال,الشاطبي,-,-,
359,جراحة عامة وحدة الأوعية الدموية,الرئيسي الجامعي,-,-,
360,الطب الحرج,الرئيسي الجامعي,-,-,
361,-,-,-,-,
362,الأمراض الصدرية,الرئيسي الجامعي,-,-,
363,جراحة عامة,سموحة,-,-,
364,-,-,-,-,
365,طب الأطفال,الشاطبي,-,-,
366,الطب الحرج,الطلبة,-,-,
367,الروماتيزم والتأهيل والطب الطبيعي,الطلبة,-,-,
368,-,-,-,-,
369,الطب الحرج,الرئيسي الجامعي,-,-,
370,الطب الحرج,الرئيسي الجامعي,-,-,
371,الطب الحرج,الرئيسي الجامعي,-,-,
372,الطب الحرج,الرئيسي الجامعي,-,-,
373,-,-,-,-,
374,-,-,-,Waiting,
375,الطب الحرج,الرئيسي الجامعي,-,-,
376,علاج الأورام,معهد البحوث,-,-,
377,الأشعة التشخيصية والتداخلية,الرئيسي الجامعي,-,-,
378,-,-,-,Waiting,
379,-,-,-,Waiting,
380,الطب الحرج,الرئيسي الجامعي,-,-,
381,جراحة عامة وحدة جراحة الأورام,الرئيسي الجامعي,-,-,
382,جراحة المسالك,برج العرب,-,-,
383,الطب الحرج,الرئيسي الجامعي,-,-,
384,-,-,-,Waiting,
385,تخدير وعناية مركزة جراحية وعلاج الألم,الرئيسي الجامعي,-,-,
386,جراحة عامة,سموحة,-,-,
387,-,-,-,-,
388,الطب الحرج,الرئيسي الجامعي,-,-,
389,-,-,-,Waiting,
390,-,-,-,Waiting,
391,-,-,-,Waiting,
392,كلينيكال باثولوجي,الرئيسي الجامعي,-,-,
393,الأمراض الصدرية,الرئيسي الجامعي,-,-,
394,أمراض الدم,معهد البحوث,-,-,
395,-,-,-,Waiting,
396,-,-,-,Waiting,
397,جراحة الأوعية الدموية,الطلبة,-,-,
398,الطب الحرج,الرئيسي الجامعي,-,-,
399,طب الأطفال,سموحة,-,-,
400,جراحة عامة وحدة جراحة الأورام,الرئيسي الجامعي,-,-,
401,جراحة عامة,برج العرب,-,-,
402,-,-,-,Waiting,
403,الطب الحرج,الطلبة,-,-,
404,طب الأطفال,الشاطبي,-,-,
405,طب الأطفال,الشاطبي,-,-,
406,جراحة عامة وحدة الأوعية الدموية,الرئيسي الجامعي,-,-,
407,الطب الحرج,الطلبة,-,-,
408,-,-,-,-,
409,-,-,-,Waiting,
410,الطب الحرج,الرئيسي الجامعي,-,-,
411,طب الأطفال,سموحة,-,-,
412,-,-,-,-,
413,-,-,-,Waiting,
414,طب الأطفال,الشاطبي,-,-,
415,الأمراض الصدرية,الطلبة,-,-,
416,تشريح,كلية الطب,بوست,-,
417,الطب الحرج,الرئيسي الجامعي,-,-,
418,-,-,-,-,
419,-,-,-,-,
420,باطنة عامة وحدة أمراض الدم,الرئيسي الجامعي,-,-,
421,وراثة,كلية الطب,بوست,-,آخر بوست
422,تخدير وعناية مركزة جراحية وعلاج الألم,الرئيسي الجامعي,-,-,
423,طب الأطفال,الشاطبي,-,-,
424,-,-,-,-,
425,طفيليات/باراسيتولوجي,كلية الطب,بوست,-,آخر بوست
426,جراحة عامة وحدة جراحة الأطفال,الشاطبي,-,-,
427,-,-,-,Waiting,
428,الطب الحرج,الرئيسي الجامعي,-,-,
429,الطب الحرج,الرئيسي الجامعي,-,-,
430,جراحة عامة وحدة الأوعية الدموية,الرئيسي الجامعي,-,-,
431,الأشعة التشخيصية والتداخلية,الرئيسي الجامعي,-,-,
432,طب الأطفال,الشاطبي,-,-,
433,تخدير وعناية مركزة جراحية وعلاج الألم,الطلبة,-,-,
434,الأشعة التشخيصية والتداخلية,الرئيسي الجامعي,-,-,
435,جراحة عامة وحدة جراحة الأطفال,الشاطبي,-,-,
436,علاج الأورام والطب النووي,الطلبة,-,-,
437,جراحة عامة,برج العرب,-,-,
438,كيمياء حيوية,كلية الطب,بوست,-,آخر بوست
439,طب الأطفال,الشاطبي,-,-,
440,الطب الحرج,برج العرب,-,-,
441,-,-,-,Waiting,
442,-,-,-,Waiting,
443,-,-,-,Waiting,
444,-,-,-,-,
445,-,-,-,-,
446,باطنة عامة وحدة أمراض الدم,الرئيسي الجامعي,-,-,
447,طب الأطفال,الشاطبي,-,-,
448,-,-,-,Waiting,
449,طب الأطفال,الشاطبي,-,-,
450,أمراض الدم,معهد البحوث,-,-,
451,-,-,-,Waiting,
452,طب الطوارئ والإصابات,الرئيسي الجامعي,-,-,
453,-,-,-,Waiting,
454,-,-,-,-,
455,-,-,-,Waiting,
456,-,-,-,-,
457,-,-,-,-,
458,-,-,-,-,
459,تعليم طبي,كلية الطب,بوست,-,
460,طب الأطفال,الشاطبي,-,-,
461,-,-,-,-,
462,أمراض الدم,معهد البحوث,-,-,
463,طب الأطفال,الشاطبي,-,-,
464,-,-,-,-,
465,-,-,-,Waiting,
466,طب الأطفال,الشاطبي,-,-,
467,طب الأطفال,الشاطبي,-,-,
468,باثولوجية كيميائية,معهد البحوث,-,-,
469,تخدير وعناية مركزة جراحية وعلاج الألم,الرئيسي الجامعي,-,-,
470,علاج الأورام والطب النووي,الطلبة,-,-,
471,طب المجتمع - الصحة العامة,كلية الطب,بوست,-,
472,-,-,-,Waiting,
473,-,-,-,Waiting,
474,تشريح,كلية الطب,بوست,-,
475,-,-,-,Waiting,
476,طب الأطفال,الشاطبي,-,-,
477,-,-,-,Waiting,
478,علاج الأورام والطب النووي,الرئيسي الجامعي,-,-,
479,طب الأطفال,الشاطبي,-,-,
480,-,-,-,-,
481,الطب الحرج,برج العرب,-,-,
482,-,-,-,Waiting,
483,-,-,-,Waiting,
484,طب الأطفال,برج العرب,-,-,
485,الأشعة التشخيصية والتداخلية,الرئيسي الجامعي,-,-,
486,-,-,-,Waiting,
487,-,-,-,Waiting,
488,-,-,-,Waiting,
489,طب الأطفال,الشاطبي,-,-,
490,-,-,-,Waiting,
491,-,-,-,-,
492,-,-,-,Waiting,
493,-,-,-,Waiting,
494,الأشعة التشخيصية والتداخلية,الرئيسي الجامعي,-,-,
495,-,-,-,Waiting,
496,-,-,-,Waiting,
497,-,-,-,Waiting,
498,الأشعة التشخيصية والتداخلية,برج العرب,-,-,
499,-,-,-,Waiting,
500,-,-,-,Waiting,
501,طب الأطفال,الشاطبي,-,-,
502,-,-,-,Waiting,
503,-,-,-,Waiting,
504,-,-,-,-,
505,-,-,-,Waiting,
506,هيستولوجي,كلية الطب,بوست,-,
507,-,-,-,Waiting,
508,-,-,-,-,
509,-,-,-,Waiting,
510,-,-,-,Waiting,
511,-,-,-,Waiting,
512,-,-,-,Waiting,
513,-,-,-,Waiting,
514,طب الأطفال,سموحة,-,-,
515,-,-,-,-,
516,تخدير وعناية مركزة جراحية وعلاج الألم,الرئيسي الجامعي,-,-,
517,هيستولوجي,كلية الطب,بوست,-,آخر بوست
518,وحدة أمراض الدم,الطلبة,-,-,
519,-,-,-,Waiting,
520,-,-,-,Waiting,
521,-,-,-,-,
522,-,-,-,Waiting,
523,-,-,-,-,
524,طب الأطفال,الشاطبي,-,-,
525,-,-,-,Waiting,
526,علاج الأورام والطب النووي,الرئيسي الجامعي,-,-,
527,-,-,-,Waiting,
528,-,-,-,-,
529,-,-,-,Waiting,
530,الطب الحرج,برج العرب,-,-,
531,-,-,-,Waiting,
532,-,-,-,-,
533,طب الطوارئ والإصابات,الرئيسي الجامعي,-,-,
534,-,-,-,-,
535,-,-,-,-,
536,تخدير وعناية مركزة جراحية وعلاج الألم,الرئيسي الجامعي,-,-,
537,-,-,-,Waiting,
538,تخدير وعناية مركزة جراحية وعلاج الألم,الرئيسي الجامعي,-,-,
539,تخدير وعناية مركزة جراحية وعلاج الألم,الرئيسي الجامعي,-,-,
540,جراحة المخ والأعصاب,الرئيسي الجامعي,-,-,
541,-,-,-,-,
542,طب الأطفال,الشاطبي,-,-,
543,الطب الحرج,برج العرب,-,-,
544,-,-,-,Waiting,
545,طب الأطفال,الشاطبي,-,-,
546,-,-,-,-,
547,-,-,-,-,
548,تعليم طبي,كلية الطب,بوست,-,
549,طب المجتمع - الصحة العامة,كلية الطب,بوست,-,آخر بوست
550,-,-,-,Waiting,
551,طب الأطفال,سموحة,-,-,
552,-,-,-,Waiting,
553,جراحة المخ والأعصاب,الرئيسي الجامعي,-,-,
554,وحدة العناية المركزة بجراحة الأطفال,الشاطبي,-,-,
555,-,-,-,Waiting,
556,-,-,-,-,
557,تخدير وعناية مركزة جراحية وعلاج الألم,الرئيسي الجامعي,-,-,
558,-,-,-,-,
559,تعليم طبي,كلية الطب,بوست,-,
560,تخدير وعناية مركزة جراحية وعلاج الألم,برج العرب,-,-,
561,جراحة المخ والأعصاب,الرئيسي الجامعي,-,-,
562,-,-,-,Waiting,
563,-,-,-,-,
564,-,-,-,Waiting,
565,-,-,-,Waiting,
566,-,-,-,-,
567,-,-,-,Waiting,
568,-,-,-,Waiting,
569,-,-,-,Waiting,
570,تعليم طبي,كلية الطب,بوست,-,آخر بوست
571,-,-,-,-,
572,-,-,-,Waiting,
573,تشريح,كلية الطب,بوست,-,
574,-,-,-,Waiting,
575,تخدير وعناية مركزة جراحية,الرئيسي الجامعي,-,-,
576,طب الأطفال,برج العرب,-,-,
577,-,-,-,Waiting,
578,علاج الأورام والطب النووي,الرئيسي الجامعي,-,-,
579,تخدير وعناية مركزة جراحية وعلاج الألم,الرئيسي الجامعي,-,-,
580,-,-,-,Waiting,
581,-,-,-,-,
582,تخدير وعناية مركزة جراحية وعلاج الألم,الطلبة,-,-,
583,وحدة العناية المركزة بجراحة الأطفال,الشاطبي,-,-,
584,تخدير وعناية مركزة جراحية وعلاج الألم,برج العرب,-,-,
585,تخدير وعناية مركزة جراحية وعلاج الألم,الطلبة,-,-,
586,تخدير وعناية مركزة جراحية وعلاج الألم,الرئيسي الجامعي,-,-,
587,-,-,-,-,
588,-,-,-,Waiting,
589,-,-,-,-,
590,وحدة العناية المركزة بجراحة الأطفال,الشاطبي,-,-,
591,-,-,-,Waiting,
592,-,-,-,Waiting,
593,-,-,-,Waiting,
594,-,-,-,Waiting,
595,علاج الأورام والطب النووي,الرئيسي الجامعي,-,-,
596,تخدير وعناية مركزة جراحية وعلاج الألم,الرئيسي الجامعي,-,-,
597,-,-,-,-,
598,-,-,-,-,
599,-,-,-,-,
600,-,-,-,Waiting,
601,تخدير وعناية مركزة جراحية وعلاج الألم,الرئيسي الجامعي,-,-,
602,-,-,-,Waiting,
603,-,-,-,-,
604,وحدة العناية المركزة بجراحة المخ والأعصاب أطفال,الرئيسي الجامعي,-,-,
605,-,-,-,Waiting,
606,علاج الأورام والطب النووي,برج العرب,-,-,
607,علاج الأورام والطب النووي,الرئيسي الجامعي,-,-,
608,-,-,-,-,
609,طب الطوارئ والإصابات,الرئيسي الجامعي,-,-,
610,-,-,-,Waiting,
611,-,-,-,Waiting,
612,-,-,-,Waiting,
613,-,-,-,Waiting,
614,-,-,-,-,
615,-,-,-,Waiting,
616,-,-,-,Waiting,
617,-,-,-,Waiting,
618,-,-,-,-,
619,-,-,-,Waiting,
620,وحدة العناية المركزة بجراحة المخ والأعصاب أطفال,الرئيسي الجامعي,-,-,
621,وحدة العناية المركزة لجراحة المخ والأعصاب أطفال,الرئيسي الجامعي,-,-,
622,-,-,-,Waiting,
623,-,-,-,Waiting,
624,-,-,-,Waiting,
625,-,-,-,Waiting,
626,تخدير وعناية مركزة جراحية وعلاج الألم,الرئيسي الجامعي,-,-,
627,-,-,-,-,
628,-,-,-,Waiting,
629,الأشعة التشخيصية والتداخلية,برج العرب,-,-,
630,-,-,-,Waiting,
631,تخدير وعناية مركزة جراحية وعلاج الألم,معهد البحوث,-,-,
632,-,-,-,Waiting,
633,-,-,-,-,
634,-,-,-,Waiting,
635,-,-,-,-,
636,-,-,-,Waiting,
637,-,-,-,Waiting,
638,باثولوجية كيميائية,معهد البحوث,-,-,
639,-,-,-,Waiting,
640,الأشعة التشخيصية والتداخلية,برج العرب,-,-,
641,-,-,-,Waiting,
642,-,-,-,Waiting,
643,-,-,-,Waiting,
644,-,-,-,Waiting,
645,-,-,-,Waiting,
646,-,-,-,Waiting,
647,جراحة القلب والصدر,الرئيسي الجامعي,-,-,
648,-,-,-,Waiting,
649,-,-,-,Waiting,
650,تخدير وعناية مركزة جراحية وعلاج الألم,الرئيسي الجامعي,-,-,
651,-,-,-,Waiting,
652,-,-,-,-,
653,علاج الأورام والطب النووي,برج العرب,-,-,
654,-,-,-,-,
655,-,-,-,-,
دور أبريل,جراحة المخ والأعصاب,الطلبة,-,-,
657,-,-,-,Waiting,
658,-,-,-,Waiting,
659,تخدير وعناية مركزة جراحية وعلاج الألم,سموحة,-,-,
660,-,-,-,-,
661,علاج الأورام والطب النووي,برج العرب,-,-,
662,-,-,-,Waiting,
663,-,-,-,Waiting,
664,تخدير وعناية مركزة جراحية وعلاج الألم,الطلبة,-,-,
665,تخدير وعناية مركزة جراحية وعلاج الألم,الطلبة,-,-,
666,-,-,-,-,
667,-,-,-,Waiting,
668,-,-,-,Waiting,
669,-,-,-,Waiting,
670,-,-,-,Waiting,
671,-,-,-,Waiting,
672,-,-,-,Waiting,
673,علاج الأورام والطب النووي,برج العرب,-,-,
674,-,-,-,Waiting,
675,-,-,-,Waiting,
676,-,-,-,Waiting,
677,-,-,-,Waiting,
678,-,-,-,-,
679,-,-,-,Waiting,
680,-,-,-,Waiting,
681,-,-,-,Waiting,
682,-,-,-,Waiting,
684,-,-,-,Waiting,
685,-,-,-,-,
686,-,-,-,-,
687,-,-,-,Waiting,
دور أبريل,-,-,-,Waiting,
689,-,-,-,Waiting,
690,-,-,-,Waiting,
691,تخدير وعناية مركزة جراحية وعلاج الألم,الرئيسي الجامعي,-,-,
692,-,-,-,-,
693,كلينيكال باثولوجي,الرئيسي الجامعي,-,-,
693,-,-,-,-,
694,-,-,-,-,
696,-,-,-,Waiting,
697,-,-,-,Waiting,
698,تخدير وعناية مركزة جراحية وعلاج الألم,معهد البحوث,-,-,
699,-,-,-,Waiting,
700,تخدير وعناية مركزة جراحية وعلاج الألم,الرئيسي الجامعي,-,-,
701,-,-,-,Waiting,
702,-,-,-,Waiting,
703,تخدير وعناية مركزة جراحية وعلاج الألم,الرئيسي الجامعي,-,-,
704,-,-,-,Waiting,
705,-,-,-,Waiting,
706,جراحة القلب والصدر,برج العرب,-,-,
707,-,-,-,Waiting,
708,تخدير وعناية مركزة جراحية وعلاج الألم,الرئيسي الجامعي,-,-,
709,-,-,-,Waiting,
710,تخدير وعناية مركزة جراحية وعلاج الألم,الرئيسي الجامعي,-,-,
711,-,-,-,-,
712,-,-,-,-,
713,-,-,-,-,
714,-,-,-,Waiting,
715,-,-,-,-,
716,تخدير وعناية مركزة جراحية وعلاج الألم,الرئيسي الجامعي,-,-,
717,-,-,-,-,
718,-,-,-,Waiting,
719,-,-,-,-,
720,-,-,-,Waiting,
721,طب الطوارئ والإصابات,الرئيسي الجامعي,-,-,
722,تخدير وعناية مركزة جراحية وعلاج الألم,الرئيسي الجامعي,-,-,
723,-,-,-,Waiting,
724,-,-,-,-,
725,-,-,-,-,
726,-,-,-,Waiting,
728,-,-,-,-,
729,تخدير وعناية مركزة جراحية وعلاج الألم,الرئيسي الجامعي,-,-,
730,-,-,-,Waiting,
731,-,-,-,-,
732,-,-,-,-,
733,-,-,-,-,
734,-,-,-,Waiting,
735,-,-,-,Waiting,
736,-,-,-,-,
737,طب الطوارئ والإصابات,الرئيسي الجامعي,-,-,
738,طب الطوارئ والإصابات,الرئيسي الجامعي,-,-,
739,طب الطوارئ والإصابات,الرئيسي الجامعي,-,-,
740,تخدير وعناية مركزة جراحية وعلاج الألم,الرئيسي الجامعي,-,-,
741,كلينيكال باثولوجي,الرئيسي الجامعي,-,-,
742,-,-,-,Waiting,
743,تخدير وعناية مركزة جراحية وعلاج الألم,سموحة,-,-,
744,طب الطوارئ والإصابات,الرئيسي الجامعي,-,-,
745,-,-,-,Waiting,
746,-,-,-,Waiting,
747,-,-,-,Waiting,
748,-,-,-,Waiting,
749,-,-,-,-,
750,-,-,-,Waiting,
751,-,-,-,-,
752,تخدير وعناية مركزة جراحية وعلاج الألم,الرئيسي الجامعي,-,-,
753,-,-,-,Waiting,
754,-,-,-,Waiting,
755,-,-,-,Waiting,
756,-,-,-,Waiting,
757,تخدير وعناية مركزة جراحية وعلاج الألم,الرئيسي الجامعي,-,-,
758,-,-,-,Waiting,
759,-,-,-,Waiting,
760,-,-,-,-,
761,-,-,-,Waiting,
762,-,-,-,Waiting,
763,-,-,-,Waiting,
764,-,-,-,Waiting,
765,-,-,-,Waiting,
766,تخدير وعناية مركزة جراحية وعلاج الألم,سموحة,-,-,
767,-,-,-,-,
768,-,-,-,-,
769,-,-,-,Waiting,
770,-,-,-,Waiting,
771,-,-,-,-,
772,-,-,-,Waiting,
773,تخدير وعناية مركزة جراحية وعلاج الألم,الرئيسي الجامعي,-,-,
774,كلينيكال باثولوجي,الرئيسي الجامعي,-,-,
775,-,-,-,-,
776,-,-,-,-,
777,تخدير وعناية مركزة جراحية وعلاج الألم,معهد البحوث,-,-,
778,-,-,-,Waiting,
779,-,-,-,-,
780,-,-,-,Waiting,
781,-,-,-,Waiting,
782,-,-,-,-,
783,تخدير وعناية مركزة جراحية وعلاج الألم,الرئيسي الجامعي,-,-,
784,-,-,-,-,
785,-,-,-,Waiting,
786,-,-,-,Waiting,
787,-,-,-,Waiting,
788,-,-,-,Waiting,
789,تخدير وعناية مركزة جراحية وعلاج الألم,سموحة,-,-,
790,تخدير وعناية مركزة جراحية وعلاج الألم,الرئيسي الجامعي,-,-,
791,-,-,-,Waiting,
792,طب الطوارئ والإصابات,الطلبة,-,-,
793,-,-,-,-,
794,-,-,-,Waiting,
795,تخدير وعناية مركزة جراحية وعلاج الألم,الرئيسي الجامعي,-,-,
796,-,-,-,-,
797,-,-,-,Waiting,
798,-,-,-,-,
799,-,-,-,-,
800,-,-,-,Waiting,
دور ابريل ,-,-,-,Waiting,
802,-,-,-,Waiting,
803,-,-,-,Waiting,
804,تخدير وعناية مركزة جراحية وعلاج الألم,معهد البحوث,-,-,
805,-,-,-,Waiting,
806,-,-,-,-,
807,-,-,-,-,
808,-,-,-,Waiting,
809,تخدير وعناية مركزة جراحية وعلاج الألم,الرئيسي الجامعي,-,-,
810,-,-,-,-,
811,-,-,-,Waiting,
812,تخدير وعناية مركزة جراحية وعلاج الألم,الرئيسي الجامعي,-,-,
813,-,-,-,Waiting,
814,تخدير وعناية مركزة جراحية وعلاج الألم,الرئيسي الجامعي,-,-,
816,-,-,-,Waiting,
817,-,-,-,Waiting,
818,-,-,-,-,
819,-,-,-,-,
820,-,-,-,Waiting,
821,-,-,-,Waiting,
822,-,-,-,-,
823,-,-,-,Waiting,
825,-,-,-,-,
827,-,-,-,-,
828,-,-,-,Waiting,
,-,-,-,-,
830,طب الطوارئ والإصابات,الطلبة,-,-,
831,تخدير وعناية مركزة جراحية وعلاج الألم,الرئيسي الجامعي,-,-,
833,-,-,-,Waiting,
834,تخدير وعناية مركزة جراحية وعلاج الألم,سموحة,-,-,
835,-,-,-,Waiting,
836,طب الطوارئ والإصابات,الرئيسي الجامعي,-,-,
,-,-,-,-,
,-,-,-,-,
839,-,-,-,Waiting,
840,-,-,-,Waiting,
841,تخدير وعناية مركزة جراحية وعلاج الألم,الرئيسي الجامعي,-,-,
842,طب الطوارئ والإصابات,الطلبة,-,-,
843,-,-,-,Waiting,
,-,-,-,-,
845,-,-,-,Waiting,
846,طب الطوارئ والإصابات,الرئيسي الجامعي,-,-,
847,-,-,-,Waiting,
848,-,-,-,Waiting,
849,تخدير وعناية مركزة جراحية وعلاج الألم,الرئيسي الجامعي,-,-,
850,-,-,-,Waiting,
851,طب الطوارئ والإصابات,الرئيسي الجامعي,-,-,
852,-,-,-,Waiting,
853,تخدير وعناية مركزة جراحية وعلاج الألم,الرئيسي الجامعي,-,-,
854,-,-,-,Waiting,
855,-,-,-,Waiting,
856,تخدير وعناية مركزة جراحية وعلاج الألم,الرئيسي الجامعي,-,-,
857,-,-,-,-,
858,-,-,-,Waiting,
859,-,-,-,Waiting,
860,-,-,-,-,
862,-,-,-,Waiting,
863,-,-,-,-,
864,-,-,-,Waiting,
865,-,-,-,Waiting,
866,-,-,-,Waiting,
867,-,-,-,Waiting,
868,-,-,-,Waiting,
دور ابريل ,كلينيكال باثولوجي,الرئيسي الجامعي,-,-,
