ID,FIRST YEAR RANK,SECOND YEAR RANK C,THIRD YEAR RANK C,FOURTH YEAR RANK C
4,393.0,434.0,432.0,473.0
6,384.0,541.0,587.0,569.0
9,24.0,40.0,35.0,20.0
13,955.0,983.0,957.0,820.0
15,585.0,455.0,464.0,428.0
31,245.0,184.0,170.0,153.0
32,370.0,370.0,316.0,391.0
34,848.0,750.0,754.0,755.0
35,752.0,692.0,629.0,540.0
37,8.0,27.0,41.0,65.0
38,882.0,860.0,831.0,741.0
39,107.0,108.0,105.0,266.0
40,312.0,517.0,531.0,
41,478.0,437.0,388.0,326.0
42,492.0,599.0,595.0,573.0
46,846.0,772.0,760.0,686.0
50,414.0,450.0,486.0,585.0
51,833.0,876.0,853.0,751.0
52,632.0,786.0,788.0,
53,912.0,927.0,,
54,347.0,283.0,277.0,219.0
55,79.0,57.0,114.0,203.0
58,809.0,690.0,649.0,514.0
59,102.0,144.0,174.0,275.0
60,859.0,848.0,816.0,768.0
67,268.0,239.0,244.0,233.0
68,697.0,671.0,619.0,
72,337.0,289.0,234.0,375.0
74,238.0,210.0,205.0,159.0
75,385.0,313.0,272.0,190.0
76,367.0,285.0,280.0,267.0
77,714.0,648.0,571.0,484.0
78,459.0,527.0,569.0,461.0
79,701.0,714.0,726.0,733.0
80,144.0,150.0,124.0,122.0
81,335.0,355.0,384.0,384.0
82,982.0,980.0,955.0,
83,552.0,509.0,478.0,456.0
85,431.0,338.0,368.0,462.0
89,530.0,400.0,364.0,189.0
90,928.0,954.0,,
91,104.0,79.0,68.0,38.0
93,636.0,653.0,,
95,698.0,688.0,684.0,548.0
97,983.0,938.0,,
100,526.0,461.0,416.0,268.0
101,348.0,451.0,469.0,374.0
107,155.0,185.0,176.0,176.0
109,433.0,375.0,354.0,254.0
110,901.0,935.0,903.0,
112,305.0,306.0,230.0,222.0
115,760.0,745.0,768.0,789.0
117,280.0,252.0,241.0,289.0
118,49.0,73.0,87.0,101.0
119,,,,
120,245.0,198.0,186.0,94.0
122,47.0,37.0,36.0,16.0
124,130.0,171.0,161.0,
130,122.0,131.0,187.0,294.0
132,107.0,80.0,64.0,60.0
133,706.0,779.0,730.0,571.0
135,,,,
136,817.0,643.0,701.0,
140,149.0,95.0,70.0,50.0
141,65.0,56.0,61.0,42.0
142,730.0,880.0,902.0,
143,741.0,739.0,727.0,726.0
144,949.0,973.0,,
146,687.0,600.0,580.0,568.0
148,593.0,628.0,628.0,554.0
151,603.0,621.0,593.0,490.0
152,430.0,402.0,424.0,387.0
155,933.0,872.0,866.0,
156,68.0,60.0,46.0,73.0
157,921.0,919.0,,
160,,,,
162,812.0,858.0,815.0,727.0
163,151.0,124.0,126.0,200.0
164,,,,
166,753.0,833.0,766.0,
167,786.0,874.0,865.0,
168,327.0,410.0,439.0,641.0
171,227.0,123.0,107.0,77.0
174,286.0,256.0,307.0,301.0
175,666.0,736.0,776.0,
176,769.0,756.0,716.0,582.0
178,985.0,993.0,954.0,817.0
182,665.0,668.0,647.0,616.0
183,360.0,418.0,436.0,468.0
184,309.0,275.0,281.0,
185,151.0,101.0,72.0,44.0
186,558.0,686.0,687.0,754.0
187,791.0,899.0,880.0,805.0
189,266.0,217.0,250.0,356.0
191,591.0,767.0,752.0,694.0
192,74.0,51.0,39.0,120.0
196,71.0,64.0,84.0,112.0
198,,,,
200,270.0,249.0,227.0,243.0
201,376.0,346.0,328.0,252.0
205,737.0,699.0,683.0,662.0
208,81.0,66.0,78.0,199.0
210,351.0,309.0,306.0,247.0
211,841.0,849.0,825.0,
212,590.0,695.0,720.0,
215,695.0,634.0,642.0,691.0
216,,,,
217,856.0,853.0,830.0,734.0
219,702.0,716.0,737.0,715.0
220,784.0,834.0,792.0,722.0
221,519.0,558.0,586.0,615.0
223,571.0,577.0,633.0,
225,460.0,644.0,735.0,778.0
227,143.0,127.0,128.0,208.0
228,66.0,84.0,122.0,140.0
229,175.0,397.0,535.0,
231,822.0,760.0,753.0,709.0
232,728.0,635.0,681.0,
233,581.0,504.0,444.0,381.0
234,255.0,239.0,247.0,215.0
235,689.0,557.0,501.0,493.0
236,560.0,680.0,705.0,772.0
237,401.0,374.0,387.0,420.0
238,442.0,412.0,401.0,429.0
239,,,,
240,495.0,517.0,545.0,649.0
241,453.0,429.0,390.0,315.0
243,222.0,205.0,191.0,154.0
244,455.0,325.0,293.0,165.0
246,497.0,460.0,435.0,421.0
248,400.0,294.0,224.0,136.0
255,569.0,556.0,612.0,601.0
260,868.0,757.0,728.0,670.0
264,594.0,489.0,441.0,297.0
265,484.0,524.0,489.0,550.0
266,745.0,878.0,893.0,
268,832.0,776.0,743.0,689.0
270,476.0,449.0,434.0,379.0
271,690.0,812.0,812.0,753.0
274,773.0,842.0,832.0,
275,424.0,390.0,392.0,402.0
277,513.0,550.0,555.0,467.0
279,427.0,500.0,524.0,482.0
280,,,,
288,307.0,259.0,218.0,175.0
301,941.0,879.0,848.0,
305,365.0,291.0,279.0,349.0
307,861.0,810.0,797.0,737.0
308,626.0,594.0,528.0,395.0
309,520.0,474.0,452.0,497.0
310,394.0,267.0,199.0,96.0
314,842.0,921.0,896.0,
316,772.0,866.0,834.0,771.0
317,117.0,108.0,120.0,152.0
319,78.0,58.0,53.0,41.0
321,992.0,995.0,963.0,
323,894.0,895.0,870.0,810.0
324,349.0,476.0,473.0,
327,567.0,487.0,493.0,460.0
328,251.0,202.0,256.0,253.0
329,830.0,811.0,814.0,763.0
330,668.0,712.0,692.0,618.0
331,887.0,891.0,,
332,241.0,208.0,265.0,237.0
333,589.0,582.0,556.0,513.0
334,733.0,682.0,708.0,
340,159.0,92.0,66.0,91.0
351,423.0,414.0,367.0,240.0
357,179.0,160.0,123.0,146.0
358,541.0,427.0,413.0,
361,60.0,40.0,43.0,72.0
362,885.0,884.0,829.0,695.0
365,281.0,305.0,298.0,180.0
369,132.0,297.0,292.0,492.0
370,961.0,956.0,935.0,809.0
371,939.0,986.0,947.0,816.0
372,862.0,854.0,828.0,746.0
374,872.0,824.0,803.0,782.0
375,,,,
376,89.0,68.0,50.0,39.0
377,814.0,754.0,676.0,622.0
378,410.0,362.0,339.0,321.0
379,115.0,135.0,132.0,201.0
380,687.0,689.0,675.0,578.0
384,632.0,564.0,604.0,589.0
387,301.0,227.0,260.0,597.0
389,652.0,636.0,654.0,640.0
391,814.0,837.0,859.0,
392,91.0,91.0,93.0,87.0
393,969.0,971.0,941.0,
394,467.0,446.0,404.0,302.0
396,,,,
399,975.0,984.0,958.0,
400,290.0,262.0,330.0,306.0
403,322.0,260.0,274.0,183.0
415,643.0,573.0,559.0,405.0
416,282.0,363.0,380.0,369.0
423,691.0,595.0,560.0,505.0
424,189.0,330.0,343.0,388.0
425,196.0,225.0,231.0,281.0
426,294.0,369.0,379.0,532.0
428,583.0,597.0,626.0,604.0
429,206.0,242.0,235.0,238.0
430,229.0,214.0,214.0,228.0
431,550.0,551.0,514.0,463.0
432,236.0,221.0,200.0,211.0
433,356.0,250.0,203.0,204.0
434,36.0,76.0,69.0,198.0
435,533.0,378.0,373.0,409.0
436,810.0,787.0,784.0,796.0
437,707.0,663.0,608.0,600.0
438,292.0,453.0,448.0,
439,399.0,433.0,472.0,489.0
448,183.0,416.0,465.0,494.0
450,705.0,641.0,637.0,744.0
459,709.0,592.0,600.0,
460,20.0,20.0,17.0,27.0
475,42.0,38.0,38.0,70.0
476,559.0,504.0,539.0,560.0
477,826.0,823.0,804.0,
479,721.0,804.0,775.0,749.0
481,842.0,844.0,850.0,799.0
483,428.0,350.0,342.0,336.0
484,650.0,589.0,505.0,422.0
485,303.0,291.0,267.0,177.0
486,353.0,368.0,329.0,332.0
493,379.0,678.0,646.0,
494,458.0,397.0,406.0,452.0
496,641.0,655.0,661.0,546.0
501,911.0,881.0,868.0,
502,125.0,148.0,155.0,142.0
503,656.0,702.0,746.0,
504,716.0,813.0,786.0,774.0
506,302.0,243.0,268.0,296.0
507,942.0,936.0,913.0,
508,657.0,687.0,666.0,642.0
509,422.0,360.0,362.0,328.0
513,513.0,496.0,461.0,390.0
515,796.0,855.0,824.0,765.0
519,621.0,619.0,605.0,608.0
522,16.0,26.0,19.0,12.0
523,735.0,761.0,729.0,712.0
524,2.0,13.0,44.0,
526,907.0,908.0,892.0,806.0
527,28.0,31.0,25.0,29.0
528,481.0,542.0,585.0,625.0
529,844.0,802.0,807.0,675.0
530,224.0,207.0,197.0,230.0
531,959.0,950.0,924.0,
532,255.0,294.0,284.0,373.0
533,404.0,482.0,462.0,501.0
535,875.0,857.0,835.0,787.0
536,163.0,224.0,262.0,382.0
538,244.0,218.0,233.0,311.0
540,921.0,952.0,937.0,
541,,,,
544,439.0,409.0,334.0,235.0
545,168.0,126.0,121.0,185.0
546,76.0,97.0,103.0,61.0
547,,,,
548,424.0,590.0,598.0,449.0
549,823.0,841.0,847.0,
550,346.0,376.0,393.0,406.0
551,675.0,757.0,773.0,775.0
552,798.0,830.0,801.0,764.0
553,178.0,167.0,157.0,158.0
563,732.0,708.0,699.0,676.0
564,819.0,905.0,906.0,
567,770.0,578.0,499.0,335.0
572,122.0,96.0,82.0,66.0
573,315.0,359.0,356.0,248.0
595,351.0,373.0,346.0,389.0
596,693.0,809.0,789.0,656.0
603,14.0,16.0,27.0,55.0
605,762.0,773.0,748.0,663.0
606,33.0,14.0,7.0,7.0
607,,,,
608,278.0,258.0,221.0,250.0
609,376.0,353.0,,
610,153.0,173.0,158.0,155.0
613,987.0,987.0,961.0,
614,966.0,978.0,956.0,
615,63.0,36.0,31.0,21.0
616,250.0,301.0,261.0,288.0
629,877.0,852.0,808.0,738.0
633,,,,
637,362.0,282.0,245.0,163.0
648,905.0,889.0,840.0,698.0
649,776.0,698.0,636.0,595.0
660,538.0,553.0,519.0,516.0
662,597.0,609.0,594.0,620.0
665,543.0,472.0,457.0,385.0
666,825.0,867.0,857.0,
667,356.0,337.0,305.0,279.0
677,334.0,464.0,496.0,606.0
681,528.0,727.0,796.0,
686,683.0,552.0,517.0,470.0
687,744.0,764.0,,
688,783.0,825.0,802.0,
689,572.0,530.0,562.0,696.0
691,449.0,253.0,207.0,150.0
692,298.0,266.0,259.0,283.0
693,916.0,903.0,,
701,188.0,191.0,204.0,246.0
703,884.0,896.0,852.0,760.0
704,740.0,759.0,783.0,721.0
715,971.0,979.0,939.0,
716,84.0,90.0,60.0,28.0
719,57.0,47.0,51.0,117.0
720,,,,
721,101.0,99.0,74.0,47.0
722,388.0,387.0,396.0,398.0
723,87.0,72.0,56.0,52.0
726,523.0,488.0,450.0,415.0
727,910.0,835.0,794.0,710.0
729,759.0,604.0,601.0,424.0
733,296.0,286.0,277.0,129.0
736,609.0,650.0,644.0,669.0
745,38.0,34.0,19.0,31.0
746,816.0,803.0,791.0,
747,154.0,117.0,89.0,45.0
748,964.0,906.0,886.0,783.0
749,241.0,166.0,140.0,186.0
751,324.0,401.0,399.0,334.0
753,383.0,439.0,433.0,418.0
754,110.0,59.0,47.0,24.0
755,840.0,742.0,759.0,736.0
756,628.0,669.0,614.0,559.0
757,516.0,548.0,568.0,583.0
759,234.0,235.0,239.0,331.0
761,190.0,130.0,119.0,116.0
762,781.0,774.0,740.0,705.0
763,550.0,587.0,603.0,613.0
764,679.0,731.0,719.0,690.0
767,680.0,536.0,497.0,499.0
772,813.0,777.0,785.0,
773,855.0,894.0,863.0,769.0
774,81.0,67.0,73.0,35.0
776,444.0,389.0,386.0,408.0
777,715.0,807.0,810.0,776.0
780,739.0,816.0,767.0,667.0
781,906.0,861.0,821.0,724.0
786,50.0,25.0,15.0,19.0
787,262.0,229.0,271.0,170.0
788,968.0,963.0,940.0,
791,285.0,199.0,189.0,242.0
793,489.0,521.0,521.0,576.0
801,762.0,822.0,818.0,770.0
802,463.0,561.0,576.0,509.0
803,720.0,726.0,709.0,624.0
804,828.0,732.0,703.0,586.0
805,637.0,611.0,583.0,512.0
806,826.0,724.0,706.0,
807,613.0,547.0,561.0,487.0
808,754.0,729.0,721.0,658.0
809,525.0,696.0,737.0,
810,315.0,430.0,511.0,553.0
811,751.0,904.0,923.0,
812,42.0,42.0,52.0,34.0
813,144.0,122.0,100.0,79.0
814,699.0,664.0,627.0,529.0
816,195.0,107.0,92.0,74.0
817,269.0,236.0,253.0,274.0
837,398.0,388.0,408.0,357.0
839,162.0,152.0,169.0,168.0
840,44.0,60.0,81.0,134.0
841,18.0,33.0,40.0,104.0
844,234.0,261.0,236.0,277.0
845,712.0,665.0,680.0,701.0
847,801.0,740.0,,
848,975.0,985.0,960.0,
849,29.0,35.0,42.0,36.0
851,395.0,366.0,358.0,313.0
853,851.0,870.0,862.0,757.0
854,647.0,706.0,,
856,104.0,93.0,89.0,179.0
859,197.0,171.0,167.0,227.0
860,173.0,163.0,136.0,76.0
861,403.0,341.0,326.0,372.0
863,595.0,596.0,530.0,495.0
864,896.0,791.0,762.0,797.0
867,913.0,882.0,871.0,
870,685.0,843.0,854.0,702.0
875,684.0,614.0,602.0,471.0
876,644.0,775.0,745.0,639.0
877,765.0,831.0,827.0,792.0
893,435.0,567.0,620.0,645.0
896,874.0,795.0,710.0,635.0
897,286.0,319.0,309.0,292.0
902,172.0,201.0,220.0,184.0
906,599.0,611.0,592.0,564.0
910,463.0,421.0,409.0,401.0
912,736.0,838.0,817.0,747.0
913,243.0,203.0,163.0,
915,543.0,497.0,462.0,383.0
916,102.0,193.0,300.0,457.0
918,335.0,419.0,454.0,558.0
919,129.0,168.0,190.0,212.0
920,45.0,73.0,79.0,111.0
921,561.0,806.0,715.0,633.0
923,53.0,105.0,115.0,262.0
924,327.0,423.0,377.0,312.0
925,128.0,129.0,125.0,173.0
929,932.0,900.0,881.0,802.0
930,324.0,323.0,310.0,258.0
931,33.0,42.0,26.0,5.0
933,381.0,281.0,226.0,115.0
935,,,,
938,904.0,898.0,850.0,
939,95.0,102.0,96.0,202.0
940,771.0,753.0,731.0,682.0
941,304.0,314.0,352.0,318.0
942,657.0,765.0,757.0,739.0
946,13.0,23.0,9.0,23.0
947,212.0,215.0,162.0,105.0
949,,,,
952,615.0,603.0,558.0,506.0
953,171.0,115.0,97.0,58.0
964,935.0,892.0,884.0,807.0
965,468.0,490.0,538.0,
966,576.0,604.0,685.0,
968,349.0,325.0,319.0,345.0
972,249.0,271.0,208.0,
973,397.0,377.0,377.0,360.0
977,477.0,544.0,550.0,533.0
978,930.0,888.0,872.0,791.0
979,323.0,328.0,302.0,354.0
982,587.0,675.0,678.0,610.0
983,167.0,230.0,183.0,118.0
984,80.0,47.0,37.0,46.0
985,611.0,711.0,,
986,870.0,847.0,841.0,800.0
987,880.0,923.0,905.0,
988,495.0,517.0,541.0,551.0
990,641.0,704.0,677.0,563.0
991,408.0,457.0,414.0,342.0
993,584.0,555.0,510.0,455.0
994,294.0,327.0,324.0,298.0
996,713.0,610.0,565.0,352.0
997,320.0,223.0,166.0,84.0
998,272.0,470.0,399.0,249.0
999,330.0,277.0,282.0,141.0
1000,396.0,475.0,458.0,517.0
1006,507.0,531.0,533.0,448.0
1007,192.0,287.0,355.0,552.0
1008,582.0,507.0,490.0,480.0
1011,530.0,543.0,526.0,403.0
1012,224.0,274.0,246.0,220.0
1013,389.0,392.0,410.0,458.0
1019,504.0,448.0,579.0,
1022,,,,
1029,625.0,821.0,,
1034,150.0,106.0,91.0,119.0
1035,291.0,268.0,327.0,280.0
1040,452.0,554.0,547.0,
1043,915.0,875.0,836.0,707.0
1044,133.0,181.0,319.0,
1046,804.0,743.0,778.0,730.0
1052,620.0,468.0,395.0,232.0
1056,929.0,943.0,934.0,
1063,564.0,672.0,668.0,538.0
1064,339.0,312.0,363.0,310.0
1069,33.0,83.0,104.0,130.0
1073,299.0,316.0,295.0,307.0
1074,118.0,146.0,154.0,149.0
1075,972.0,982.0,949.0,
1089,795.0,733.0,713.0,666.0
1091,473.0,520.0,500.0,561.0
1092,73.0,110.0,107.0,169.0
1093,112.0,103.0,107.0,83.0
1095,969.0,958.0,927.0,
1097,91.0,82.0,101.0,147.0
1099,163.0,183.0,171.0,221.0
1100,730.0,728.0,696.0,602.0
1102,253.0,231.0,184.0,164.0
1103,600.0,658.0,660.0,717.0
1105,869.0,862.0,887.0,
1109,778.0,788.0,770.0,704.0
1112,,,,
1114,895.0,920.0,,
1115,927.0,937.0,915.0,
1116,436.0,426.0,427.0,416.0
1117,61.0,46.0,45.0,68.0
1118,139.0,151.0,223.0,344.0
1119,137.0,132.0,178.0,124.0
1126,796.0,740.0,,
1127,471.0,526.0,543.0,377.0
1128,321.0,264.0,252.0,210.0
1131,653.0,642.0,631.0,611.0
1136,987.0,988.0,,
1140,615.0,697.0,697.0,
1142,980.0,965.0,947.0,
1143,95.0,176.0,254.0,
1144,946.0,959.0,930.0,
1146,766.0,828.0,820.0,
1147,261.0,213.0,216.0,347.0
1148,,,,
1149,891.0,934.0,900.0,811.0
1150,503.0,436.0,536.0,
1152,470.0,506.0,513.0,392.0
1153,997.0,977.0,944.0,
1154,539.0,601.0,615.0,629.0
1181,909.0,941.0,920.0,
1184,879.0,770.0,723.0,636.0
1186,390.0,405.0,371.0,290.0
1187,609.0,569.0,580.0,567.0
1196,248.0,392.0,351.0,161.0
1203,307.0,347.0,312.0,317.0
1206,7.0,5.0,11.0,9.0
1213,499.0,533.0,518.0,
1215,421.0,465.0,548.0,522.0
1220,552.0,639.0,630.0,577.0
1225,865.0,839.0,843.0,
1229,934.0,942.0,917.0,
1230,74.0,70.0,106.0,156.0
1231,509.0,410.0,403.0,304.0
1232,568.0,593.0,625.0,643.0
1234,502.0,395.0,412.0,491.0
1235,903.0,932.0,899.0,803.0
1236,962.0,972.0,952.0,
1246,792.0,851.0,839.0,793.0
1257,240.0,264.0,285.0,207.0
1260,604.0,602.0,,
1263,996.0,997.0,966.0,
1264,693.0,709.0,702.0,728.0
1269,147.0,233.0,217.0,197.0
1271,41.0,19.0,19.0,30.0
1272,481.0,473.0,480.0,436.0
1274,834.0,859.0,878.0,
1279,203.0,251.0,289.0,365.0
1282,84.0,78.0,94.0,144.0
1284,945.0,968.0,932.0,
1286,221.0,228.0,251.0,341.0
1290,664.0,789.0,774.0,745.0
1296,757.0,683.0,632.0,536.0
1301,214.0,185.0,219.0,224.0
1302,960.0,957.0,933.0,
1304,965.0,951.0,925.0,813.0
1305,661.0,631.0,648.0,684.0
1310,367.0,299.0,296.0,370.0
1320,673.0,649.0,669.0,720.0
1327,631.0,615.0,599.0,483.0
1329,846.0,912.0,910.0,
1330,113.0,138.0,137.0,209.0
1331,177.0,170.0,165.0,236.0
1332,180.0,140.0,113.0,97.0
1336,671.0,793.0,756.0,719.0
1337,260.0,197.0,215.0,133.0
1339,186.0,120.0,99.0,110.0
1340,468.0,495.0,546.0,444.0
1341,,,,
1349,686.0,590.0,471.0,346.0
1350,986.0,991.0,,
1353,208.0,290.0,335.0,393.0
1355,216.0,155.0,145.0,86.0
1356,952.0,964.0,936.0,
1358,406.0,367.0,303.0,260.0
1361,332.0,399.0,418.0,508.0
1363,205.0,118.0,85.0,81.0
1364,437.0,525.0,506.0,474.0
1367,165.0,177.0,148.0,324.0
1369,94.0,86.0,62.0,71.0
1371,226.0,413.0,397.0,226.0
1372,788.0,734.0,744.0,646.0
1374,11.0,7.0,8.0,4.0
1375,50.0,63.0,65.0,54.0
1380,539.0,467.0,437.0,291.0
1381,219.0,149.0,134.0,80.0
1384,140.0,147.0,212.0,178.0
1385,624.0,574.0,549.0,386.0
1387,876.0,783.0,698.0,574.0
1389,26.0,89.0,149.0,69.0
1390,682.0,700.0,736.0,671.0
1391,977.0,974.0,951.0,
1392,956.0,939.0,907.0,
1393,824.0,744.0,714.0,612.0
1394,253.0,270.0,372.0,273.0
1395,413.0,511.0,542.0,502.0
1396,592.0,574.0,591.0,469.0
1399,392.0,579.0,634.0,598.0
1400,552.0,571.0,643.0,
1401,233.0,178.0,177.0,88.0
1403,,,,
1415,239.0,211.0,181.0,128.0
1422,711.0,640.0,624.0,562.0
1424,100.0,62.0,48.0,17.0
1425,11.0,6.0,5.0,2.0
1426,500.0,408.0,443.0,417.0
1427,951.0,918.0,883.0,795.0
1429,182.0,136.0,160.0,191.0
1430,900.0,909.0,874.0,711.0
1431,95.0,137.0,138.0,123.0
1433,267.0,383.0,411.0,441.0
1434,801.0,876.0,891.0,
1435,885.0,737.0,693.0,714.0
1436,354.0,317.0,314.0,216.0
1439,491.0,407.0,426.0,638.0
1442,723.0,613.0,574.0,535.0
1443,,,,
1445,410.0,459.0,475.0,
1446,305.0,241.0,255.0,285.0
1451,114.0,133.0,150.0,234.0
1452,6.0,2.0,2.0,1.0
1453,480.0,469.0,446.0,353.0
1455,252.0,319.0,353.0,314.0
1458,707.0,784.0,781.0,628.0
1459,137.0,195.0,185.0,160.0
1464,831.0,910.0,885.0,794.0
1465,312.0,246.0,192.0,113.0
1473,215.0,204.0,180.0,192.0
1477,790.0,805.0,771.0,
1485,778.0,856.0,844.0,762.0
1486,447.0,481.0,509.0,581.0
1487,201.0,206.0,240.0,259.0
1488,595.0,630.0,623.0,623.0
1489,948.0,931.0,916.0,
1492,338.0,321.0,269.0,137.0
1493,344.0,254.0,331.0,367.0
1498,764.0,638.0,582.0,570.0
1499,678.0,720.0,798.0,758.0
1500,258.0,304.0,313.0,181.0
1503,87.0,233.0,333.0,394.0
1504,448.0,428.0,455.0,475.0
1505,924.0,960.0,943.0,
1508,277.0,324.0,360.0,309.0
1509,586.0,529.0,,
1510,481.0,568.0,553.0,579.0
1511,605.0,620.0,596.0,445.0
1512,17.0,53.0,94.0,107.0
1513,862.0,817.0,806.0,680.0
1514,2.0,4.0,4.0,11.0
1515,811.0,769.0,734.0,678.0
1516,166.0,340.0,338.0,
1523,556.0,559.0,507.0,426.0
1528,768.0,715.0,688.0,631.0
1529,453.0,463.0,451.0,366.0
1543,257.0,322.0,311.0,359.0
1544,888.0,887.0,861.0,759.0
1548,718.0,752.0,809.0,742.0
1553,511.0,546.0,532.0,430.0
1554,169.0,157.0,182.0,172.0
1555,160.0,179.0,147.0,102.0
1556,767.0,815.0,779.0,731.0
1565,284.0,303.0,257.0,263.0
1566,465.0,480.0,485.0,478.0
1567,410.0,356.0,357.0,244.0
1568,339.0,216.0,209.0,187.0
1569,,,,
1570,889.0,901.0,889.0,780.0
1571,703.0,674.0,695.0,650.0
1572,864.0,926.0,909.0,
1573,450.0,534.0,567.0,527.0
1574,203.0,269.0,301.0,425.0
1578,4.0,8.0,10.0,48.0
1588,218.0,165.0,163.0,195.0
1591,669.0,646.0,690.0,593.0
1592,661.0,675.0,694.0,587.0
1597,,,,
1600,361.0,415.0,,
1601,68.0,113.0,102.0,98.0
1602,748.0,784.0,761.0,683.0
1603,,,,
1605,440.0,364.0,291.0,256.0
1606,619.0,545.0,503.0,404.0
1607,38.0,29.0,24.0,59.0
1609,186.0,348.0,348.0,213.0
1610,104.0,75.0,77.0,109.0
1613,247.0,244.0,210.0,135.0
1614,657.0,633.0,609.0,627.0
1615,552.0,623.0,588.0,706.0
1616,22.0,29.0,33.0,15.0
1618,534.0,652.0,,
1622,509.0,417.0,385.0,329.0
1628,621.0,673.0,658.0,591.0
1630,691.0,660.0,640.0,673.0
1631,787.0,799.0,780.0,677.0
1633,126.0,143.0,198.0,231.0
1634,198.0,156.0,133.0,121.0
1641,,,,
1643,286.0,256.0,249.0,278.0
1644,556.0,606.0,645.0,
1647,472.0,498.0,590.0,588.0
1651,634.0,434.0,381.0,466.0
1652,342.0,382.0,376.0,362.0
1664,838.0,748.0,700.0,732.0
1668,854.0,819.0,749.0,630.0
1671,274.0,311.0,394.0,
1676,498.0,538.0,522.0,507.0
1677,136.0,88.0,88.0,85.0
1684,445.0,516.0,474.0,619.0
1686,821.0,929.0,928.0,
1687,57.0,64.0,75.0,63.0
1689,849.0,746.0,764.0,
1692,937.0,907.0,882.0,
1695,356.0,307.0,258.0,174.0
1699,974.0,970.0,931.0,
1702,981.0,969.0,946.0,
1703,27.0,11.0,28.0,13.0
1705,618.0,585.0,611.0,477.0
1706,953.0,948.0,929.0,808.0
1708,414.0,287.0,242.0,269.0
1710,523.0,502.0,487.0,515.0
1714,279.0,351.0,366.0,397.0
1715,157.0,219.0,264.0,264.0
1718,,,,
1720,375.0,371.0,418.0,539.0
1727,461.0,771.0,800.0,729.0
1729,127.0,134.0,116.0,92.0
1730,979.0,976.0,953.0,
1733,289.0,336.0,347.0,358.0
1737,147.0,169.0,206.0,218.0
1738,354.0,420.0,442.0,542.0
1739,133.0,128.0,150.0,206.0
1740,390.0,445.0,470.0,411.0
1743,276.0,308.0,299.0,322.0
1751,91.0,77.0,66.0,43.0
1754,806.0,755.0,768.0,779.0
1763,958.0,953.0,911.0,812.0
1764,341.0,512.0,570.0,716.0
1766,479.0,454.0,438.0,400.0
1768,209.0,254.0,318.0,450.0
1773,434.0,441.0,502.0,446.0
1774,987.0,946.0,914.0,
1775,,,,
1776,640.0,563.0,554.0,511.0
1778,818.0,792.0,782.0,750.0
1781,485.0,431.0,423.0,447.0
1782,216.0,189.0,213.0,225.0
1784,24.0,16.0,14.0,22.0
1785,426.0,491.0,498.0,519.0
1794,563.0,657.0,673.0,614.0
1804,738.0,693.0,652.0,464.0
1805,70.0,50.0,31.0,18.0
1813,615.0,562.0,597.0,609.0
1816,,,,
1817,263.0,232.0,222.0,282.0
1821,892.0,925.0,864.0,804.0
1822,634.0,782.0,755.0,664.0
1829,673.0,722.0,733.0,693.0
1830,722.0,675.0,,
1832,799.0,801.0,787.0,685.0
1833,416.0,384.0,415.0,488.0
1834,931.0,864.0,838.0,
1836,512.0,462.0,537.0,648.0
1837,944.0,945.0,,
1839,700.0,670.0,584.0,419.0
1840,877.0,818.0,819.0,786.0
1842,59.0,55.0,71.0,67.0
1843,755.0,701.0,717.0,661.0
1844,670.0,718.0,777.0,
1847,902.0,885.0,846.0,
1848,939.0,961.0,,
1850,206.0,334.0,350.0,451.0
1853,462.0,499.0,476.0,435.0
1854,119.0,94.0,118.0,166.0
1855,326.0,314.0,294.0,284.0
1859,329.0,333.0,374.0,380.0
1864,850.0,766.0,724.0,634.0
1867,750.0,794.0,765.0,697.0
1870,545.0,493.0,483.0,485.0
1871,343.0,423.0,477.0,526.0
1872,535.0,491.0,512.0,520.0
1877,919.0,868.0,833.0,
1878,742.0,685.0,670.0,557.0
1883,231.0,245.0,297.0,500.0
1885,265.0,248.0,193.0,126.0
1886,918.0,965.0,938.0,
1887,839.0,827.0,799.0,723.0
1888,549.0,513.0,504.0,503.0
1889,420.0,380.0,428.0,427.0
1890,920.0,916.0,877.0,777.0
1891,364.0,379.0,421.0,524.0
1892,501.0,502.0,479.0,371.0
1893,526.0,483.0,467.0,413.0
1895,,,,
1896,542.0,616.0,655.0,713.0
1897,185.0,291.0,402.0,410.0
1898,200.0,190.0,201.0,270.0
1899,576.0,560.0,563.0,603.0
1900,521.0,447.0,459.0,654.0
1901,547.0,537.0,589.0,523.0
1902,629.0,703.0,,
1903,579.0,535.0,515.0,439.0
1906,866.0,781.0,742.0,584.0
1907,296.0,438.0,482.0,481.0
1908,654.0,539.0,466.0,437.0
1909,488.0,508.0,491.0,549.0
1910,957.0,911.0,873.0,766.0
1911,703.0,598.0,616.0,596.0
1912,46.0,49.0,55.0,82.0
1913,95.0,111.0,111.0,106.0
1914,729.0,618.0,566.0,518.0
1916,612.0,540.0,578.0,672.0
1917,408.0,365.0,344.0,396.0
1918,629.0,626.0,663.0,575.0
1919,532.0,501.0,528.0,590.0
1920,546.0,549.0,540.0,510.0
1922,489.0,494.0,557.0,692.0
1923,15.0,10.0,19.0,25.0
1927,808.0,713.0,689.0,
1928,777.0,796.0,837.0,784.0
1929,852.0,897.0,858.0,599.0
1932,,,,
1933,440.0,371.0,456.0,376.0
1934,954.0,962.0,926.0,814.0
1936,140.0,222.0,304.0,496.0
1937,726.0,705.0,665.0,626.0
1939,190.0,141.0,150.0,223.0
1943,367.0,299.0,315.0,325.0
1946,63.0,81.0,112.0,145.0
1947,645.0,617.0,606.0,555.0
1950,993.0,980.0,950.0,821.0
1953,994.0,996.0,965.0,
1967,111.0,98.0,83.0,78.0
1968,921.0,955.0,,
1969,601.0,637.0,653.0,580.0
1970,881.0,893.0,,
1971,718.0,790.0,790.0,
1972,749.0,730.0,732.0,
1973,717.0,651.0,664.0,605.0
1974,404.0,344.0,344.0,350.0
1975,518.0,406.0,340.0,167.0
1976,536.0,523.0,468.0,432.0
1977,157.0,196.0,179.0,151.0
1978,373.0,318.0,273.0,343.0
1979,319.0,339.0,359.0,241.0
1980,30.0,9.0,12.0,33.0
1981,978.0,992.0,964.0,
1982,529.0,583.0,662.0,651.0
1986,746.0,588.0,484.0,333.0
1987,494.0,444.0,425.0,
1989,90.0,121.0,238.0,414.0
1994,836.0,828.0,750.0,735.0
1996,124.0,124.0,188.0,251.0
1997,897.0,873.0,890.0,801.0
1998,574.0,485.0,481.0,423.0
1999,785.0,738.0,725.0,637.0
2000,536.0,478.0,440.0,351.0
2001,231.0,280.0,232.0,431.0
2002,170.0,158.0,127.0,132.0
2003,655.0,832.0,869.0,
2004,67.0,45.0,58.0,51.0
2005,446.0,455.0,492.0,
2006,829.0,679.0,635.0,556.0
2007,660.0,694.0,651.0,572.0
2008,984.0,967.0,942.0,
2009,418.0,422.0,452.0,592.0
2010,407.0,443.0,420.0,339.0
2011,627.0,632.0,621.0,544.0
2012,220.0,279.0,288.0,229.0
2013,381.0,329.0,323.0,348.0
2015,890.0,915.0,879.0,788.0
2017,380.0,335.0,317.0,316.0
2018,144.0,116.0,86.0,108.0
2019,109.0,219.0,289.0,361.0
2027,917.0,883.0,849.0,743.0
2029,192.0,208.0,194.0,193.0
2032,457.0,331.0,321.0,330.0
2033,963.0,949.0,,
2034,696.0,691.0,659.0,534.0
2046,209.0,296.0,263.0,276.0
2049,507.0,403.0,369.0,363.0
2050,62.0,86.0,139.0,138.0
2057,521.0,466.0,422.0,320.0
2058,161.0,161.0,142.0,90.0
2059,315.0,263.0,228.0,
2060,710.0,684.0,657.0,565.0
2062,,,,
2063,175.0,283.0,325.0,440.0
2064,727.0,778.0,793.0,785.0
2067,565.0,425.0,405.0,368.0
2069,202.0,154.0,131.0,99.0
2071,646.0,564.0,493.0,399.0
2073,10.0,22.0,29.0,32.0
2075,899.0,928.0,904.0,
2077,580.0,584.0,527.0,486.0
2080,943.0,940.0,898.0,761.0
2081,845.0,871.0,876.0,674.0
2082,36.0,44.0,34.0,14.0
2083,47.0,24.0,18.0,26.0
2084,72.0,32.0,30.0,10.0
2085,258.0,199.0,196.0,114.0
2087,803.0,826.0,811.0,718.0
2088,385.0,272.0,243.0,196.0
2089,924.0,886.0,842.0,790.0
2090,270.0,175.0,141.0,125.0
2096,991.0,990.0,962.0,
2098,418.0,479.0,520.0,
2099,372.0,353.0,336.0,299.0
2104,371.0,356.0,337.0,305.0
2106,926.0,917.0,908.0,815.0
2107,504.0,528.0,,
2109,914.0,762.0,722.0,632.0
2110,99.0,84.0,59.0,89.0
2111,860.0,820.0,795.0,
2112,432.0,356.0,287.0,161.0
2113,222.0,162.0,159.0,245.0
2114,142.0,332.0,361.0,323.0
2115,475.0,442.0,407.0,443.0
2116,614.0,586.0,544.0,476.0
2119,606.0,580.0,523.0,504.0
2120,9.0,12.0,13.0,40.0
2121,898.0,914.0,919.0,
2122,867.0,735.0,674.0,530.0
2123,438.0,570.0,577.0,479.0
2132,639.0,647.0,641.0,679.0
2135,237.0,188.0,168.0,188.0
2136,310.0,276.0,283.0,
2138,513.0,581.0,575.0,434.0
2141,429.0,471.0,447.0,
2142,857.0,890.0,895.0,
2145,487.0,514.0,551.0,528.0
2146,607.0,655.0,667.0,652.0
2147,883.0,863.0,845.0,
2150,638.0,572.0,552.0,412.0
2152,485.0,532.0,493.0,525.0
2154,587.0,681.0,671.0,659.0
2156,573.0,432.0,460.0,438.0
2157,373.0,510.0,508.0,547.0
2159,54.0,142.0,135.0,103.0
2160,378.0,391.0,383.0,340.0
2162,936.0,836.0,826.0,752.0
2165,363.0,351.0,332.0,287.0
2168,310.0,394.0,445.0,545.0
2169,908.0,947.0,922.0,
2170,456.0,451.0,398.0,378.0
2171,450.0,385.0,391.0,407.0
2172,676.0,723.0,672.0,531.0
2173,331.0,194.0,174.0,100.0
2174,77.0,139.0,130.0,57.0
2176,775.0,719.0,712.0,703.0
2177,548.0,574.0,573.0,566.0
2178,566.0,477.0,430.0,261.0
2180,743.0,709.0,679.0,537.0
2181,213.0,247.0,265.0,295.0
2182,806.0,747.0,737.0,
2183,315.0,238.0,229.0,214.0
2187,938.0,930.0,897.0,
2189,155.0,145.0,172.0,239.0
2190,648.0,483.0,431.0,465.0
2191,293.0,273.0,270.0,257.0
2193,598.0,608.0,572.0,498.0
2194,83.0,104.0,110.0,75.0
2195,805.0,716.0,707.0,681.0
2197,793.0,850.0,855.0,773.0
2205,402.0,522.0,488.0,442.0
2206,366.0,310.0,276.0,303.0
2207,608.0,625.0,613.0,617.0
2210,950.0,944.0,912.0,
2215,133.0,119.0,98.0,95.0
2216,734.0,607.0,610.0,665.0
2217,50.0,71.0,143.0,143.0
2225,516.0,458.0,417.0,327.0
2227,561.0,486.0,449.0,454.0
2228,192.0,185.0,173.0,171.0
2229,272.0,278.0,237.0,300.0
2230,275.0,212.0,202.0,205.0
2234,871.0,902.0,894.0,
2235,837.0,845.0,867.0,
2236,893.0,869.0,856.0,756.0
2239,789.0,924.0,921.0,819.0
2247,947.0,933.0,918.0,
2253,651.0,626.0,639.0,543.0
2258,465.0,381.0,349.0,364.0
2259,120.0,100.0,80.0,62.0
2260,116.0,112.0,144.0,193.0
2261,873.0,814.0,805.0,668.0
2270,183.0,153.0,129.0,139.0
2271,282.0,349.0,375.0,433.0
2272,40.0,52.0,54.0,93.0
2273,681.0,721.0,711.0,699.0
2274,312.0,297.0,286.0,255.0
2275,725.0,768.0,813.0,767.0
2276,356.0,342.0,322.0,308.0
2278,443.0,514.0,525.0,
2279,666.0,839.0,860.0,798.0
2280,416.0,386.0,382.0,293.0
2281,22.0,21.0,19.0,37.0
2282,780.0,800.0,747.0,
2283,121.0,163.0,224.0,337.0
2284,602.0,661.0,638.0,621.0
2285,663.0,666.0,704.0,655.0
2286,671.0,749.0,741.0,653.0
2287,473.0,361.0,370.0,265.0
2288,211.0,192.0,195.0,157.0
2293,724.0,797.0,822.0,
2294,19.0,28.0,49.0,272.0
2295,747.0,762.0,751.0,700.0
2307,32.0,18.0,6.0,3.0
2308,198.0,159.0,156.0,182.0
2312,576.0,621.0,656.0,725.0
2315,756.0,846.0,888.0,
2317,387.0,345.0,341.0,271.0
2319,5.0,3.0,3.0,8.0
2320,774.0,667.0,617.0,594.0
2321,800.0,780.0,718.0,687.0
2324,835.0,913.0,901.0,818.0
2325,967.0,975.0,959.0,
2326,263.0,237.0,275.0,286.0
2327,994.0,988.0,945.0,
2328,649.0,645.0,650.0,647.0
2330,345.0,396.0,429.0,453.0
2331,1.0,1.0,1.0,6.0
2332,130.0,624.0,516.0,472.0
2333,820.0,662.0,607.0,708.0
2334,506.0,440.0,534.0,748.0
2335,570.0,659.0,686.0,607.0
2336,676.0,808.0,758.0,740.0
2338,782.0,751.0,771.0,781.0
2341,180.0,226.0,247.0,459.0
2342,758.0,654.0,622.0,660.0
2344,492.0,404.0,389.0,338.0
2345,20.0,15.0,16.0,56.0
2346,31.0,39.0,75.0,131.0
2347,623.0,628.0,618.0,657.0
2349,300.0,343.0,365.0,355.0
2350,227.0,182.0,211.0,217.0
2351,54.0,114.0,117.0,148.0
2352,761.0,798.0,763.0,644.0
2353,973.0,865.0,823.0,
2354,574.0,566.0,564.0,521.0
2355,230.0,180.0,146.0,64.0
2356,987.0,994.0,,
2358,86.0,54.0,57.0,49.0
2365,333.0,302.0,307.0,319.0
2457,54.0,69.0,62.0,53.0
2458,174.0,174.0,150.0,127.0
2520,853.0,922.0,875.0,
2545,794.0,707.0,691.0,688.0
2603,858.0,725.0,682.0,541.0
